equipment,level,equipment_price_e,start_star,target_star,start_mode,policy,breakthrough,breakthrough_scrolls,rebuild_cost_e,trials,total_cost_mean_e,total_cost_p25_e,total_cost_p50_e,total_cost_p75_e,total_cost_p90_e,meso_mean_e,equipment_cost_mean_e,rebuild_cost_mean_e,equipment_qty_mean,scrolls_mean,breakthroughs_mean,destroys_mean,attempts_mean
頂培,150,1.5,15,22,scroll,full,none,enhance throughout,0.0,50000,249.0039,115.695,210.7704,341.0953,486.5747,240.7518,8.2521,0.0,5.5014,1.0,0.0,3.101,40.0237
頂培,150,1.5,15,22,scroll,to_12,none,enhance throughout,0.0,50000,246.1855,87.3759,176.3627,333.9314,537.2391,230.7857,15.3997,0.0,10.2665,11.2665,0.0,10.2665,178.0421
頂培,150,1.5,16,22,scroll,full,none,enhance throughout,0.0,50000,247.8494,116.1011,210.6828,338.084,483.2832,239.7018,8.1476,0.0,5.4317,1.0,0.0,3.0293,36.7121
頂培,150,1.5,16,22,scroll,to_12,none,enhance throughout,0.0,50000,234.9799,83.8423,169.5504,317.5127,515.0505,220.7566,14.2233,0.0,9.4822,10.4822,0.0,9.4822,142.2901
頂培,150,1.5,17,22,scroll,full,none,enhance throughout,0.0,50000,254.9801,123.2574,217.824,345.1865,492.8839,246.9018,8.0783,0.0,5.3855,1.0,0.0,2.9714,33.3824
頂培,150,1.5,17,22,scroll,to_12,none,enhance throughout,0.0,50000,300.0086,105.9283,215.1117,404.524,657.6098,286.7264,13.2822,0.0,8.8548,9.8548,0.0,8.8548,110.2849
頂培,150,1.5,18,22,scroll,full,none,enhance throughout,0.0,50000,250.5827,117.3314,211.677,341.106,485.5587,243.2026,7.38,0.0,4.92,1.0,0.0,2.5078,26.6673
頂培,150,1.5,18,22,scroll,to_12,none,enhance throughout,0.0,50000,279.3698,100.2053,200.7082,375.0716,609.7646,270.6309,8.7389,0.0,5.8259,6.8259,0.0,5.8259,65.5262
頂培,150,1.5,19,22,scroll,full,none,enhance throughout,0.0,50000,246.1606,114.784,203.1513,330.0327,475.1688,239.8102,6.3504,0.0,4.2336,1.0,0.0,1.8277,18.3601
頂培,150,1.5,19,22,scroll,to_12,none,enhance throughout,0.0,50000,282.6306,111.7845,205.5229,376.7694,602.869,278.0419,4.5887,0.0,3.0592,4.0592,0.0,3.0592,31.6665
頂培,150,1.5,20,22,scroll,full,none,enhance throughout,0.0,50000,333.7241,220.6661,322.0722,359.913,499.2765,330.0752,3.6489,0.0,2.4326,1.0,0.0,0.9293,8.3551
頂培,150,1.5,20,22,scroll,to_12,none,enhance throughout,0.0,50000,468.9904,220.6661,437.6557,658.6844,885.9177,467.3077,1.6827,0.0,1.1218,2.1218,0.0,1.1218,10.2645
神秘,200,0.5,15,22,scroll,full,none,enhance throughout,0.0,50000,572.6312,266.6946,485.0211,783.8265,1117.6472,569.8805,2.7507,0.0,5.5014,1.0,0.0,3.101,40.0237
神秘,200,0.5,15,22,scroll,full,optimal,19:21*100%,0.0,50000,563.0685,285.0896,500.9474,738.0641,1027.9927,561.2158,1.8527,0.0,3.7055,1.0,1.0,2.1987,29.9483
神秘,200,0.5,15,22,scroll,to_12,none,enhance throughout,0.0,50000,549.0906,197.0682,394.2006,744.4108,1194.3226,543.9573,5.1333,0.0,10.2665,11.2665,0.0,10.2665,178.0421
神秘,200,0.5,16,22,scroll,full,none,enhance throughout,0.0,50000,569.021,266.5301,483.9164,776.694,1108.3607,566.3051,2.7159,0.0,5.4317,1.0,0.0,3.0293,36.7121
神秘,200,0.5,16,22,scroll,full,optimal,19:21*100%,0.0,50000,560.5808,282.3852,497.9501,730.2896,1027.1688,558.7584,1.8224,0.0,3.6448,1.0,1.0,2.1347,26.6696
神秘,200,0.5,16,22,scroll,to_12,none,enhance throughout,0.0,50000,513.6496,185.4291,371.3247,691.7949,1121.3424,508.9085,4.7411,0.0,9.4822,10.4822,0.0,9.4822,142.2901
神秘,200,0.5,17,22,scroll,full,none,enhance throughout,0.0,50000,574.2747,272.245,488.7611,781.6007,1119.8507,571.582,2.6928,0.0,5.3855,1.0,0.0,2.9714,33.3824
神秘,200,0.5,17,22,scroll,full,optimal,19:21*100%,0.0,50000,562.5035,284.5742,499.5988,734.6344,1029.2682,560.7213,1.7823,0.0,3.5646,1.0,1.0,2.0578,23.3411
神秘,200,0.5,17,22,scroll,to_12,none,enhance throughout,0.0,50000,554.4286,199.3593,399.6741,745.1914,1208.5142,550.0012,4.4274,0.0,8.8548,9.8548,0.0,8.8548,110.2849
神秘,200,0.5,18,22,scroll,full,none,enhance throughout,0.0,50000,556.1182,250.3168,467.3665,764.0113,1095.6048,553.6582,2.46,0.0,4.92,1.0,0.0,2.5078,26.6673
神秘,200,0.5,18,22,scroll,full,optimal,19:21*100%,0.0,50000,544.8712,261.0871,477.9016,711.035,1008.8974,543.3193,1.5519,0.0,3.1039,1.0,1.0,1.6037,16.674
神秘,200,0.5,18,22,scroll,to_12,none,enhance throughout,0.0,50000,491.9367,179.1109,355.7261,660.5498,1069.2549,489.0237,2.913,0.0,5.8259,6.8259,0.0,5.8259,65.5262
神秘,200,0.5,19,22,scroll,full,none,enhance throughout,0.0,50000,505.8045,202.9923,406.9773,697.7453,1031.7089,503.6877,2.1168,0.0,4.2336,1.0,0.0,1.8277,18.3601
神秘,200,0.5,19,22,scroll,full,optimal,19:21*100%,0.0,50000,494.2361,236.0603,470.8504,553.8245,866.1966,493.0268,1.2092,0.0,2.4184,1.0,1.0,0.9235,8.3317
神秘,200,0.5,19,22,scroll,to_12,none,enhance throughout,0.0,50000,399.1514,150.1932,292.2462,533.5531,854.213,397.6218,1.5296,0.0,3.0592,4.0592,0.0,3.0592,31.6665
神秘,200,0.5,20,22,scroll,full,none,enhance throughout,0.0,50000,486.7982,227.0603,462.1266,546.0344,865.2846,485.5819,1.2163,0.0,2.4326,1.0,0.0,0.9293,8.3551
神秘,200,0.5,20,22,scroll,to_12,none,enhance throughout,0.0,50000,480.2063,227.0603,442.3504,667.2147,906.7861,479.6454,0.5609,0.0,1.1218,2.1218,0.0,1.1218,10.2645
永恆上四,250,0.5,15,22,scroll,full,none,enhance throughout,0.0,50000,1113.8609,519.008,943.3611,1525.0087,2173.2274,1111.1102,2.7507,0.0,5.5014,1.0,0.0,3.101,40.0237
永恆上四,250,0.5,15,22,scroll,full,optimal,19:21*100% 21:23*50%,0.0,50000,916.3787,581.0725,817.5709,1131.1864,1512.7027,915.3905,0.9883,0.0,1.9766,1.0,3.0066,1.6264,24.9645
永恆上四,250,0.5,15,22,scroll,full,safe,19:21*100%,0.0,50000,927.0996,386.0688,807.8735,1269.2551,1831.9767,925.2468,1.8527,0.0,3.7055,1.0,1.0,2.1987,29.9483
永恆上四,250,0.5,15,22,scroll,to_12,none,enhance throughout,0.0,50000,1066.1113,382.4442,764.9647,1445.834,2317.2386,1060.9781,5.1333,0.0,10.2665,11.2665,0.0,10.2665,178.0421
永恆上四,250,0.5,15,22,scroll,to_12,optimal,19:21*100%,0.0,50000,770.807,336.9611,588.104,992.7591,1537.5004,768.3276,2.4793,0.0,4.9587,5.9587,2.1249,4.9587,87.8196
永恆上四,250,0.5,16,22,scroll,full,none,enhance throughout,0.0,50000,1106.0704,517.3421,940.5272,1509.2579,2155.3042,1103.3545,2.7159,0.0,5.4317,1.0,0.0,3.0293,36.7121
永恆上四,250,0.5,16,22,scroll,full,optimal,19:21*100% 21:23*50%,0.0,50000,910.0424,574.2572,812.0183,1124.6672,1508.7775,909.0874,0.955,0.0,1.9099,1.0,3.0081,1.561,21.7026
永恆上四,250,0.5,16,22,scroll,full,safe,19:21*100%,0.0,50000,921.4854,380.085,800.4947,1254.0742,1831.0678,919.663,1.8224,0.0,3.6448,1.0,1.0,2.1347,26.6696
永恆上四,250,0.5,16,22,scroll,to_12,none,enhance throughout,0.0,50000,989.3986,357.2059,714.8034,1332.649,2159.1858,984.6575,4.7411,0.0,9.4822,10.4822,0.0,9.4822,142.2901
永恆上四,250,0.5,16,22,scroll,to_12,optimal,19:21*100%,0.0,50000,735.49,322.3646,563.8944,942.724,1464.9446,733.2006,2.2894,0.0,4.5788,5.5788,2.1312,4.5788,69.3791
永恆上四,250,0.5,17,22,scroll,full,none,enhance throughout,0.0,50000,1108.1764,520.8941,942.2271,1511.1827,2169.3626,1105.4837,2.6928,0.0,5.3855,1.0,0.0,2.9714,33.3824
永恆上四,250,0.5,17,22,scroll,full,optimal,19:21*100% 21:23*50%,0.0,50000,905.3004,570.0399,802.3126,1119.4715,1509.9031,904.3826,0.9178,0.0,1.8356,1.0,2.9989,1.486,18.3382
永恆上四,250,0.5,17,22,scroll,full,safe,19:21*100%,0.0,50000,917.1029,375.9605,795.2313,1253.283,1827.3437,915.3206,1.7823,0.0,3.5646,1.0,1.0,2.0578,23.3411
永恆上四,250,0.5,17,22,scroll,to_12,none,enhance throughout,0.0,50000,989.1694,355.6148,714.4161,1329.893,2158.5387,984.742,4.4274,0.0,8.8548,9.8548,0.0,8.8548,110.2849
永恆上四,250,0.5,17,22,scroll,to_12,optimal,19:21*100%,0.0,50000,731.5706,320.3806,560.6156,946.4126,1455.5378,729.4671,2.1036,0.0,4.2071,5.2071,2.1302,4.2071,51.923
永恆上四,250,0.5,18,22,scroll,full,none,enhance throughout,0.0,50000,1066.5939,471.6383,895.0604,1471.2804,2116.5316,1064.1339,2.46,0.0,4.92,1.0,0.0,2.5078,26.6673
永恆上四,250,0.5,18,22,scroll,full,optimal,19:21*100% 21:23*50%,0.0,50000,866.6562,548.0157,761.2683,1071.7314,1451.1139,865.9659,0.6903,0.0,1.3806,1.0,3.0045,1.0288,11.6376
永恆上四,250,0.5,18,22,scroll,full,safe,19:21*100%,0.0,50000,876.5884,324.024,748.1732,1202.7124,1781.3438,875.0364,1.5519,0.0,3.1039,1.0,1.0,1.6037,16.674
永恆上四,250,0.5,18,22,scroll,to_12,none,enhance throughout,0.0,50000,852.6796,310.1625,616.8627,1145.5805,1857.8642,849.7666,2.913,0.0,5.8259,6.8259,0.0,5.8259,65.5262
永恆上四,250,0.5,18,22,scroll,to_12,optimal,19:21*100%,0.0,50000,655.7179,289.5812,507.0049,843.9609,1305.3652,654.4266,1.2913,0.0,2.5826,3.5826,2.131,2.5826,27.9969
永恆上四,250,0.5,19,22,scroll,full,none,enhance throughout,0.0,50000,939.2583,348.8827,746.5426,1311.9753,1961.1909,937.1415,2.1168,0.0,4.2336,1.0,0.0,1.8277,18.3601
永恆上四,250,0.5,19,22,scroll,full,optimal,19:21*100% 21:23*50%,0.0,50000,740.3985,406.6103,576.6103,908.8701,1328.4804,740.0449,0.3536,0.0,0.7072,1.0,3.0006,0.3536,3.3558
永恆上四,250,0.5,19,22,scroll,full,safe,19:21*100%,0.0,50000,748.5848,245.9043,704.3864,858.4147,1461.631,747.3756,1.2092,0.0,2.4184,1.0,1.0,0.9235,8.3317
永恆上四,250,0.5,19,22,scroll,to_12,none,enhance throughout,0.0,50000,596.9922,219.5996,435.2278,803.1638,1285.775,595.4626,1.5296,0.0,3.0592,4.0592,0.0,3.0592,31.6665
永恆上四,250,0.5,19,22,scroll,to_12,optimal,19:21*100%,0.0,50000,520.9595,245.9043,470.8864,716.2548,985.1173,520.397,0.5625,0.0,1.1251,2.1251,2.1251,1.1251,10.2495
永恆上四,250,0.5,20,22,scroll,full,none,enhance throughout,0.0,50000,742.633,236.9043,695.9043,852.7668,1465.8714,741.4167,1.2163,0.0,2.4326,1.0,0.0,0.9293,8.3551
永恆上四,250,0.5,20,22,scroll,full,optimal,21:23*50%,0.0,50000,732.2409,397.6103,567.6103,899.8701,1319.4804,731.886,0.3548,0.0,0.7097,1.0,2.002,0.3548,3.3658
永恆上四,250,0.5,20,22,scroll,to_12,none,enhance throughout,0.0,50000,501.1955,236.9043,452.8864,686.9386,948.5994,500.6346,0.5609,0.0,1.1218,2.1218,0.0,1.1218,10.2645
永恆下三,250,11.0,15,22,scroll,full,none,enhance throughout,0.0,50000,1171.6256,544.5343,992.7004,1606.3148,2290.1799,1111.1102,60.5154,0.0,5.5014,1.0,0.0,3.101,40.0237
永恆下三,250,11.0,15,22,scroll,full,optimal,19:21*100% 20:21*100% 21:23*50%,0.0,50000,933.5196,708.3723,862.9862,1087.4513,1352.2686,919.4469,14.0727,0.0,1.2793,1.0,3.9992,1.2793,21.6896
永恆下三,250,11.0,15,22,scroll,full,safe,19:21*100% 20:21*100% 21:22*100%,0.0,50000,955.2553,805.0712,901.8067,1039.1909,1221.6129,941.2196,14.0358,0.0,1.276,1.0,3.0,1.276,21.6867
永恆下三,250,11.0,15,22,scroll,to_12,none,enhance throughout,0.0,50000,1173.9096,413.1657,839.2925,1593.7647,2567.1815,1060.9781,112.9315,0.0,10.2665,11.2665,0.0,10.2665,178.0421
永恆下三,250,11.0,15,22,scroll,to_12,optimal,19:21*100%,0.0,50000,822.8731,350.6805,623.1625,1066.969,1656.2701,768.3276,54.5455,0.0,4.9587,5.9587,2.1249,4.9587,87.8196
永恆下三,250,11.0,16,22,scroll,full,none,enhance throughout,0.0,50000,1163.1037,543.1416,989.3134,1588.2468,2272.5389,1103.3545,59.7491,0.0,5.4317,1.0,0.0,3.0293,36.7121
永恆下三,250,11.0,16,22,scroll,full,optimal,19:21*100% 20:21*100% 21:23*50%,0.0,50000,925.9387,700.0505,854.5893,1079.7702,1347.9265,912.6247,13.314,0.0,1.2104,1.0,4.0017,1.2104,18.3658
永恆下三,250,11.0,16,22,scroll,full,safe,19:21*100% 20:21*100% 21:22*100%,0.0,50000,947.5172,796.3701,894.0054,1033.5334,1211.0883,934.2341,13.2832,0.0,1.2076,1.0,3.0,1.2076,18.3761
永恆下三,250,11.0,16,22,scroll,to_12,none,enhance throughout,0.0,50000,1088.9617,385.6537,784.3522,1473.5058,2392.6897,984.6575,104.3042,0.0,9.4822,10.4822,0.0,9.4822,142.2901
永恆下三,250,11.0,16,22,scroll,to_12,optimal,19:21*100%,0.0,50000,783.5674,335.1667,594.8073,1009.051,1572.4096,733.2006,50.3668,0.0,4.5788,5.5788,2.1312,4.5788,69.3791
永恆下三,250,11.0,17,22,scroll,full,none,enhance throughout,0.0,50000,1164.7246,544.6836,990.8127,1589.3916,2286.9206,1105.4837,59.2409,0.0,5.3855,1.0,0.0,2.9714,33.3824
永恆下三,250,11.0,17,22,scroll,full,optimal,19:21*100% 20:21*100% 21:23*50%,0.0,50000,920.1412,696.6946,848.1894,1075.5856,1337.7273,907.6456,12.4956,0.0,1.136,1.0,3.9906,1.136,15.0005
永恆下三,250,11.0,17,22,scroll,full,safe,19:21*100% 20:21*100% 21:22*100%,0.0,50000,944.4111,791.3472,892.4631,1028.6524,1210.2804,931.8936,12.5176,0.0,1.138,1.0,3.0,1.138,15.0339
永恆下三,250,11.0,17,22,scroll,to_12,none,enhance throughout,0.0,50000,1082.1446,382.3584,777.3908,1458.2449,2369.5606,984.742,97.4026,0.0,8.8548,9.8548,0.0,8.8548,110.2849
永恆下三,250,11.0,17,22,scroll,to_12,optimal,19:21*100%,0.0,50000,775.7454,331.4786,588.9873,1007.9964,1559.9413,729.4671,46.2783,0.0,4.2071,5.2071,2.1302,4.2071,51.923
永恆下三,250,11.0,18,22,scroll,full,none,enhance throughout,0.0,50000,1118.2541,490.2923,936.3292,1546.2001,2225.9981,1064.1339,54.1202,0.0,4.92,1.0,0.0,2.5078,26.6673
永恆下三,250,11.0,18,22,scroll,full,optimal,19:21*100% 20:21*100% 21:23*50%,0.0,50000,877.5846,630.9105,782.4473,1035.0649,1281.3737,870.0393,7.5453,0.0,0.6859,1.0,3.997,0.6859,8.3391
永恆下三,250,11.0,18,22,scroll,full,safe,19:21*100% 20:21*100% 21:22*100%,0.0,50000,900.2298,763.8368,822.9105,964.6017,1145.6754,892.6906,7.5392,0.0,0.6854,1.0,3.0,0.6854,8.3604
永恆下三,250,11.0,18,22,scroll,to_12,none,enhance throughout,0.0,50000,913.8517,325.7509,658.0629,1231.0376,2000.4426,849.7666,64.0851,0.0,5.8259,6.8259,0.0,5.8259,65.5262
永恆下三,250,11.0,18,22,scroll,to_12,optimal,19:21*100%,0.0,50000,682.8356,294.4872,523.0077,883.0942,1371.4653,654.4266,28.409,0.0,2.5826,3.5826,2.131,2.5826,27.9969
永恆下三,250,11.0,19,22,scroll,full,none,enhance throughout,0.0,50000,983.7113,367.0506,778.583,1376.9221,2061.187,937.1415,46.5698,0.0,4.2336,1.0,0.0,1.8277,18.3601
永恆下三,250,11.0,19,22,scroll,full,optimal,19:21*100% 20:21*100% 21:23*50%,0.0,50000,743.7514,573.0,743.0,913.0,1083.0,743.7514,0.0,0.0,0.0,1.0,4.0044,0.0,0.0
永恆下三,250,11.0,19,22,scroll,full,safe,19:21*100% 20:21*100% 21:22*100%,0.0,50000,765.0,765.0,765.0,765.0,765.0,765.0,0.0,0.0,0.0,1.0,3.0,0.0,0.0
永恆下三,250,11.0,19,22,scroll,to_12,none,enhance throughout,0.0,50000,629.1133,225.4694,456.2268,846.8534,1363.1232,595.4626,33.6508,0.0,3.0592,4.0592,0.0,3.0592,31.6665
永恆下三,250,11.0,19,22,scroll,to_12,optimal,19:21*100%,0.0,50000,532.7729,245.9043,481.3864,737.2548,1016.6173,520.397,12.3759,0.0,1.1251,2.1251,2.1251,1.1251,10.2495
永恆下三,250,11.0,20,22,scroll,full,none,enhance throughout,0.0,50000,768.1755,236.9043,716.9043,884.2668,1528.8714,741.4167,26.7588,0.0,2.4326,1.0,0.0,0.9293,8.3551
永恆下三,250,11.0,20,22,scroll,full,optimal,20:21*100% 21:23*50%,0.0,50000,734.714,564.0,734.0,904.0,1074.0,734.714,0.0,0.0,0.0,1.0,3.0042,0.0,0.0
永恆下三,250,11.0,20,22,scroll,full,safe,20:21*100% 21:22*100%,0.0,50000,756.0,756.0,756.0,756.0,756.0,756.0,0.0,0.0,0.0,1.0,2.0,0.0,0.0
永恆下三,250,11.0,20,22,scroll,to_12,none,enhance throughout,0.0,50000,512.9742,236.9043,463.3864,707.9386,980.0994,500.6346,12.3396,0.0,1.1218,2.1218,0.0,1.1218,10.2645
口紅,160,14.0,15,22,scroll,full,none,enhance throughout,0.0,50000,368.8099,170.5649,312.7583,508.1186,726.324,291.7903,77.0196,0.0,5.5014,1.0,0.0,3.101,40.0237
口紅,160,14.0,15,22,scroll,to_12,none,enhance throughout,0.0,50000,423.3376,140.0009,298.7391,579.69,944.476,279.6066,143.731,0.0,10.2665,11.2665,0.0,10.2665,178.0421
口紅,160,14.0,16,22,scroll,full,none,enhance throughout,0.0,50000,366.39,169.7838,312.6415,502.1422,721.9122,290.3456,76.0444,0.0,5.4317,1.0,0.0,3.0293,36.7121
口紅,160,14.0,16,22,scroll,to_12,none,enhance throughout,0.0,50000,398.4279,132.6777,282.8407,541.4057,890.9399,265.6771,132.7508,0.0,9.4822,10.4822,0.0,9.4822,142.2901
口紅,160,14.0,17,22,scroll,full,none,enhance throughout,0.0,50000,372.6437,176.4604,318.3563,508.041,729.7857,297.2462,75.3976,0.0,5.3855,1.0,0.0,2.9714,33.3824
口紅,160,14.0,17,22,scroll,to_12,none,enhance throughout,0.0,50000,451.7357,149.5809,319.2244,614.3454,1006.3674,327.7688,123.9669,0.0,8.8548,9.8548,0.0,8.8548,110.2849
口紅,160,14.0,18,22,scroll,full,none,enhance throughout,0.0,50000,360.2348,161.4571,301.9294,495.3925,714.8961,291.3545,68.8803,0.0,4.92,1.0,0.0,2.5078,26.6673
口紅,160,14.0,18,22,scroll,to_12,none,enhance throughout,0.0,50000,386.2394,130.4258,274.1714,522.6547,858.4553,304.6765,81.5629,0.0,5.8259,6.8259,0.0,5.8259,65.5262
口紅,160,14.0,19,22,scroll,full,none,enhance throughout,0.0,50000,339.9711,150.5025,274.7222,465.596,682.1738,280.7004,59.2707,0.0,4.2336,1.0,0.0,1.8277,18.3601
口紅,160,14.0,19,22,scroll,to_12,none,enhance throughout,0.0,50000,339.5116,127.3165,243.4907,456.7378,737.7142,296.6834,42.8282,0.0,3.0592,4.0592,0.0,3.0592,31.6665
口紅,160,14.0,20,22,scroll,full,none,enhance throughout,0.0,50000,388.2536,221.6629,369.1849,426.7057,631.8899,354.1969,34.0567,0.0,2.4326,1.0,0.0,0.9293,8.3551
口紅,160,14.0,20,22,scroll,to_12,none,enhance throughout,0.0,50000,484.936,221.6629,451.0434,685.326,927.1386,469.2311,15.7049,0.0,1.1218,2.1218,0.0,1.1218,10.2645
眼罩,160,30.0,15,22,scroll,full,none,enhance throughout,0.0,50000,456.8323,208.0244,386.8673,632.5504,905.6408,291.7903,165.042,0.0,5.5014,1.0,0.0,3.101,40.0237
眼罩,160,30.0,15,22,scroll,to_12,none,enhance throughout,0.0,50000,587.6016,182.7117,409.4683,808.8802,1334.1498,279.6066,307.995,0.0,10.2665,11.2665,0.0,10.2665,178.0421
眼罩,160,30.0,16,22,scroll,full,none,enhance throughout,0.0,50000,453.2978,207.6023,386.208,624.6424,900.2649,290.3456,162.9522,0.0,5.4317,1.0,0.0,3.0293,36.7121
眼罩,160,30.0,16,22,scroll,to_12,none,enhance throughout,0.0,50000,550.1431,172.3839,385.7235,754.3032,1246.4,265.6771,284.466,0.0,9.4822,10.4822,0.0,9.4822,142.2901
眼罩,160,30.0,17,22,scroll,full,none,enhance throughout,0.0,50000,458.8124,213.3765,390.6889,630.0112,906.6217,297.2462,161.5662,0.0,5.3855,1.0,0.0,2.9714,33.3824
眼罩,160,30.0,17,22,scroll,to_12,none,enhance throughout,0.0,50000,593.4122,185.6045,414.7851,813.1557,1338.298,327.7688,265.6434,0.0,8.8548,9.8548,0.0,8.8548,110.2849
眼罩,160,30.0,18,22,scroll,full,none,enhance throughout,0.0,50000,438.9551,191.7528,365.9676,608.508,883.8093,291.3545,147.6006,0.0,4.92,1.0,0.0,2.5078,26.6673
眼罩,160,30.0,18,22,scroll,to_12,none,enhance throughout,0.0,50000,479.4541,153.062,336.3037,653.4967,1083.4755,304.6765,174.7776,0.0,5.8259,6.8259,0.0,5.8259,65.5262
眼罩,160,30.0,19,22,scroll,full,none,enhance throughout,0.0,50000,407.709,180.5026,327.3188,565.1775,836.6153,280.7004,127.0086,0.0,4.2336,1.0,0.0,1.8277,18.3601
眼罩,160,30.0,19,22,scroll,to_12,none,enhance throughout,0.0,50000,388.4582,141.0026,274.2487,528.24,860.8933,296.6834,91.7748,0.0,3.0592,4.0592,0.0,3.0592,31.6665
眼罩,160,30.0,20,22,scroll,full,none,enhance throughout,0.0,50000,427.1755,221.6629,401.1849,474.7057,727.8899,354.1969,72.9786,0.0,2.4326,1.0,0.0,0.9293,8.3551
眼罩,160,30.0,20,22,scroll,to_12,none,enhance throughout,0.0,50000,502.8845,221.6629,467.0434,717.326,975.1386,469.2311,33.6534,0.0,1.1218,2.1218,0.0,1.1218,10.2645
苦痛,160,45.0,15,22,scroll,full,none,enhance throughout,0.0,50000,539.3533,242.8806,456.8852,749.7576,1074.2568,291.7903,247.563,0.0,5.5014,1.0,0.0,3.101,40.0237
苦痛,160,45.0,15,22,scroll,to_12,none,enhance throughout,0.0,50000,741.5991,221.9738,513.1365,1025.0141,1698.6986,279.6066,461.9925,0.0,10.2665,11.2665,0.0,10.2665,178.0421
苦痛,160,45.0,15,22,scroll,to_12,optimal,19:21*100%,0.0,50000,704.3334,271.3044,525.2267,921.2167,1454.2904,481.1928,223.1406,0.0,4.9587,5.9587,2.1249,4.9587,87.8196
苦痛,160,45.0,16,22,scroll,full,none,enhance throughout,0.0,50000,534.7739,241.7943,455.375,739.9504,1067.3263,290.3456,244.4283,0.0,5.4317,1.0,0.0,3.0293,36.7121
苦痛,160,45.0,16,22,scroll,to_12,none,enhance throughout,0.0,50000,692.3761,209.3902,481.8258,953.8459,1586.0862,265.6771,426.699,0.0,9.4822,10.4822,0.0,9.4822,142.2901
苦痛,160,45.0,16,22,scroll,to_12,optimal,19:21*100%,0.0,50000,682.0983,263.7541,506.63,887.2651,1403.6991,476.0523,206.046,0.0,4.5788,5.5788,2.1312,4.5788,69.3791
苦痛,160,45.0,17,22,scroll,full,none,enhance throughout,0.0,50000,539.5955,246.9815,458.8326,744.5654,1075.1732,297.2462,242.3493,0.0,5.3855,1.0,0.0,2.9714,33.3824
苦痛,160,45.0,17,22,scroll,to_12,none,enhance throughout,0.0,50000,726.2339,219.0908,504.2079,1001.5029,1653.9819,327.7688,398.4651,0.0,8.8548,9.8548,0.0,8.8548,110.2849
苦痛,160,45.0,17,22,scroll,to_12,optimal,19:21*100%,0.0,50000,697.0257,271.9967,520.5913,916.1801,1434.517,507.7053,189.3204,0.0,4.2071,5.2071,2.1302,4.2071,51.923
苦痛,160,45.0,18,22,scroll,full,none,enhance throughout,0.0,50000,512.7554,220.847,425.8894,715.1349,1041.9943,291.3545,221.4009,0.0,4.92,1.0,0.0,2.5078,26.6673
苦痛,160,45.0,18,22,scroll,to_12,none,enhance throughout,0.0,50000,566.8429,173.5173,394.1875,778.2703,1293.1279,304.6765,262.1664,0.0,5.8259,6.8259,0.0,5.8259,65.5262
苦痛,160,45.0,19,22,scroll,full,none,enhance throughout,0.0,50000,471.2133,210.3612,376.9254,657.9168,981.4499,280.7004,190.5129,0.0,4.2336,1.0,0.0,1.8277,18.3601
苦痛,160,45.0,19,22,scroll,to_12,none,enhance throughout,0.0,50000,434.3456,154.4808,303.6254,594.9327,974.4654,296.6834,137.6622,0.0,3.0592,4.0592,0.0,3.0592,31.6665
苦痛,160,45.0,20,22,scroll,full,none,enhance throughout,0.0,50000,463.6648,221.6629,431.1849,519.7057,817.8899,354.1969,109.4679,0.0,2.4326,1.0,0.0,0.9293,8.3551
苦痛,160,45.0,20,22,scroll,to_12,none,enhance throughout,0.0,50000,519.7112,221.6629,482.0434,747.326,1020.1386,469.2311,50.4801,0.0,1.1218,2.1218,0.0,1.1218,10.2645
巨大,200,35.0,15,22,scroll,full,none,enhance throughout,0.0,50000,762.4295,351.792,646.3017,1051.6637,1503.7221,569.8805,192.549,0.0,5.5014,1.0,0.0,3.101,40.0237
巨大,200,35.0,15,22,scroll,full,optimal,19:21*100%,0.0,50000,690.9083,323.3958,606.8156,923.5983,1311.1816,561.2158,129.6925,0.0,3.7055,1.0,1.0,2.1987,29.9483
巨大,200,35.0,15,22,scroll,to_12,none,enhance throughout,0.0,50000,903.2848,292.7863,635.0055,1238.8669,2027.277,543.9573,359.3275,0.0,10.2665,11.2665,0.0,10.2665,178.0421
巨大,200,35.0,15,22,scroll,to_12,optimal,19:21*100%,0.0,50000,751.7408,303.5418,564.7632,979.8232,1539.2986,578.187,173.5538,0.0,4.9587,5.9587,2.1249,4.9587,87.8196
巨大,200,35.0,16,22,scroll,full,none,enhance throughout,0.0,50000,756.416,349.1982,645.4854,1038.8812,1494.8935,566.3051,190.1109,0.0,5.4317,1.0,0.0,3.0293,36.7121
巨大,200,35.0,16,22,scroll,full,optimal,19:21*100%,0.0,50000,686.3271,318.1239,601.6812,915.6931,1310.5796,558.7584,127.5687,0.0,3.6448,1.0,1.0,2.1347,26.6696
巨大,200,35.0,16,22,scroll,to_12,none,enhance throughout,0.0,50000,840.7855,274.8403,594.96,1144.7835,1887.3143,508.9085,331.877,0.0,9.4822,10.4822,0.0,9.4822,142.2901
巨大,200,35.0,16,22,scroll,to_12,optimal,19:21*100%,0.0,50000,723.1516,292.506,542.206,936.6278,1475.3143,562.8936,160.258,0.0,4.5788,5.5788,2.1312,4.5788,69.3791
巨大,200,35.0,17,22,scroll,full,none,enhance throughout,0.0,50000,760.0759,353.9324,647.5072,1041.6485,1500.573,571.582,188.4939,0.0,5.3855,1.0,0.0,2.9714,33.3824
巨大,200,35.0,17,22,scroll,full,optimal,19:21*100%,0.0,50000,685.4816,318.2832,601.339,918.1872,1309.3917,560.7213,124.7603,0.0,3.5646,1.0,1.0,2.0578,23.3411
巨大,200,35.0,17,22,scroll,to_12,none,enhance throughout,0.0,50000,859.9185,279.8911,605.3306,1172.6927,1924.5759,550.0012,309.9173,0.0,8.8548,9.8548,0.0,8.8548,110.2849
巨大,200,35.0,17,22,scroll,to_12,optimal,19:21*100%,0.0,50000,729.8205,293.8427,548.4144,956.5011,1488.5308,582.5713,147.2492,0.0,4.2071,5.2071,2.1302,4.2071,51.923
巨大,200,35.0,18,22,scroll,full,none,enhance throughout,0.0,50000,725.8589,314.5988,604.7905,1005.6069,1461.0466,553.6582,172.2007,0.0,4.92,1.0,0.0,2.5078,26.6673
巨大,200,35.0,18,22,scroll,full,optimal,19:21*100%,0.0,50000,651.9558,261.0871,552.5252,866.1095,1264.014,543.3193,108.6365,0.0,3.1039,1.0,1.0,1.6037,16.674
巨大,200,35.0,18,22,scroll,to_12,none,enhance throughout,0.0,50000,692.9309,228.394,489.1489,941.2622,1550.3739,489.0237,203.9072,0.0,5.8259,6.8259,0.0,5.8259,65.5262
巨大,200,35.0,18,22,scroll,to_12,optimal,19:21*100%,0.0,50000,638.7016,260.7103,488.488,830.0717,1304.9614,548.3092,90.3924,0.0,2.5826,3.5826,2.131,2.5826,27.9969
巨大,200,35.0,19,22,scroll,full,none,enhance throughout,0.0,50000,651.8644,263.628,516.8009,911.3664,1360.986,503.6877,148.1767,0.0,4.2336,1.0,0.0,1.8277,18.3601
巨大,200,35.0,19,22,scroll,full,optimal,19:21*100%,0.0,50000,577.6715,236.0603,539.8504,657.3245,1073.1966,493.0268,84.6447,0.0,2.4184,1.0,1.0,0.9235,8.3317
巨大,200,35.0,19,22,scroll,to_12,none,enhance throughout,0.0,50000,504.6924,174.2087,360.6704,684.8953,1116.0439,397.6218,107.0706,0.0,3.0592,4.0592,0.0,3.0592,31.6665
巨大,200,35.0,20,22,scroll,full,none,enhance throughout,0.0,50000,570.7236,227.0603,531.1266,649.5344,1072.2846,485.5819,85.1417,0.0,2.4326,1.0,0.0,0.9293,8.3551
巨大,200,35.0,20,22,scroll,to_12,none,enhance throughout,0.0,50000,518.9077,227.0603,476.8504,736.2147,1010.2861,479.6454,39.2623,0.0,1.1218,2.1218,0.0,1.1218,10.2645
控制核心,200,220.0,15,22,scroll,full,none,enhance throughout,0.0,50000,1780.1885,752.069,1518.6333,2502.9096,3584.3326,569.8805,1210.308,0.0,5.5014,1.0,0.0,3.101,40.0237
控制核心,200,220.0,15,22,scroll,full,optimal,18:21*100% 19:21*100% 20:21*100% 21:23*50%,0.0,50000,1040.5505,727.5979,964.8927,1220.8053,1481.1342,908.2909,132.2596,0.0,0.6012,1.0,5.002,0.6012,13.3607
控制核心,200,220.0,15,22,scroll,full,safe,18:21*100% 19:21*100% 20:21*100% 21:22*100%,0.0,50000,1062.0525,908.9231,919.6104,1162.4979,1407.9085,929.9557,132.0968,0.0,0.6004,1.0,4.0,0.6004,13.3669
控制核心,200,220.0,15,22,scroll,to_12,none,enhance throughout,0.0,50000,2802.5873,788.5379,1907.3622,3903.9079,6536.4996,543.9573,2258.63,0.0,10.2665,11.2665,0.0,10.2665,178.0421
控制核心,200,220.0,15,22,scroll,to_12,optimal,18:21*100% 19:21*100% 20:21*100% 21:23*50%,0.0,50000,1048.7987,727.7443,949.4479,1219.9231,1521.4644,900.2415,148.5572,0.0,0.6753,1.6753,5.0069,0.6753,16.7992
控制核心,200,220.0,15,22,scroll,to_12,safe,18:21*100% 19:21*100% 20:21*100% 21:22*100%,0.0,50000,1068.7343,908.9105,919.6158,1147.5496,1382.0212,921.0351,147.6992,0.0,0.6714,1.6714,4.0,0.6714,16.7768
控制核心,200,220.0,16,22,scroll,full,none,enhance throughout,0.0,50000,1761.2879,747.6237,1502.6888,2464.7676,3572.3153,566.3051,1194.9828,0.0,5.4317,1.0,0.0,3.0293,36.7121
控制核心,200,220.0,16,22,scroll,full,optimal,18:21*100% 19:21*100% 20:21*100% 21:23*50%,0.0,50000,1019.9371,722.0569,957.9463,1209.4927,1468.1675,903.9575,115.9796,0.0,0.5272,1.0,4.9967,0.5272,9.9981
控制核心,200,220.0,16,22,scroll,full,safe,18:21*100% 19:21*100% 20:21*100% 21:22*100%,0.0,50000,1042.423,905.5284,914.182,1158.0926,1403.2748,926.5226,115.9004,0.0,0.5268,1.0,4.0,0.5268,10.0083
控制核心,200,220.0,16,22,scroll,to_12,none,enhance throughout,0.0,50000,2594.9925,720.119,1784.2785,3600.7136,6049.4444,508.9085,2086.084,0.0,9.4822,10.4822,0.0,9.4822,142.2901
控制核心,200,220.0,16,22,scroll,to_12,optimal,18:21*100% 19:21*100% 20:21*100% 21:23*50%,0.0,50000,1017.7276,722.0569,938.982,1176.2746,1447.5949,894.4616,123.266,0.0,0.5603,1.5603,5.001,0.5603,11.5501
控制核心,200,220.0,16,22,scroll,to_12,safe,18:21*100% 19:21*100% 20:21*100% 21:22*100%,0.0,50000,1039.3681,905.5284,914.0569,1138.7462,1367.0032,916.2737,123.0944,0.0,0.5595,1.5595,4.0,0.5595,11.5429
控制核心,200,220.0,17,22,scroll,full,none,enhance throughout,0.0,50000,1756.4008,743.6868,1479.0745,2458.6604,3563.8707,571.582,1184.8188,0.0,5.3855,1.0,0.0,2.9714,33.3824
控制核心,200,220.0,17,22,scroll,full,optimal,18:21*100% 19:21*100% 20:21*100% 21:23*50%,0.0,50000,1009.2008,724.2927,903.2033,1152.9675,1414.9854,908.234,100.9668,0.0,0.4589,1.0,5.004,0.4589,6.698
控制核心,200,220.0,17,22,scroll,full,safe,18:21*100% 19:21*100% 20:21*100% 21:22*100%,0.0,50000,1030.5395,909.1642,916.2927,1162.4927,1201.6992,929.5903,100.9492,0.0,0.4589,1.0,4.0,0.4589,6.7157
控制核心,200,220.0,17,22,scroll,to_12,none,enhance throughout,0.0,50000,2498.0528,668.529,1702.3933,3484.4629,5801.966,550.0012,1948.0516,0.0,8.8548,9.8548,0.0,8.8548,110.2849
控制核心,200,220.0,17,22,scroll,to_12,optimal,18:21*100% 19:21*100% 20:21*100% 21:23*50%,0.0,50000,1001.5824,724.2927,903.2033,1136.3675,1409.639,900.6156,100.9668,0.0,0.4589,1.4589,5.004,0.4589,6.698
控制核心,200,220.0,17,22,scroll,to_12,safe,18:21*100% 19:21*100% 20:21*100% 21:22*100%,0.0,50000,1022.9225,909.1642,916.2927,1145.8927,1185.0992,921.9733,100.9492,0.0,0.4589,1.4589,4.0,0.4589,6.7157
控制核心,200,220.0,18,22,scroll,full,none,enhance throughout,0.0,50000,1636.0626,678.8738,1343.6676,2314.8477,3421.4409,553.6582,1082.4044,0.0,4.92,1.0,0.0,2.5078,26.6673
控制核心,200,220.0,18,22,scroll,full,optimal,18:21*100% 19:21*100% 20:21*100% 21:23*50%,0.0,50000,892.3434,720.3,890.3,1060.3,1230.3,892.3434,0.0,0.0,0.0,1.0,5.012,0.0,0.0
控制核心,200,220.0,18,22,scroll,full,safe,18:21*100% 19:21*100% 20:21*100% 21:22*100%,0.0,50000,912.3,912.3,912.3,912.3,912.3,912.3,0.0,0.0,0.0,1.0,4.0,0.0,0.0
控制核心,200,220.0,18,22,scroll,to_12,none,enhance throughout,0.0,50000,1770.7261,446.2257,1206.8782,2466.3675,4153.3593,489.0237,1281.7024,0.0,5.8259,6.8259,0.0,5.8259,65.5262
控制核心,200,220.0,18,22,scroll,to_12,optimal,18:21*100% 19:21*100% 20:21*100% 21:23*50%,0.0,50000,892.3434,720.3,890.3,1060.3,1230.3,892.3434,0.0,0.0,0.0,1.0,5.012,0.0,0.0
控制核心,200,220.0,18,22,scroll,to_12,safe,18:21*100% 19:21*100% 20:21*100% 21:22*100%,0.0,50000,912.3,912.3,912.3,912.3,912.3,912.3,0.0,0.0,0.0,1.0,4.0,0.0,0.0
控制核心,200,220.0,19,22,scroll,full,none,enhance throughout,0.0,50000,1435.0841,630.932,1101.1053,2032.7239,3159.2003,503.6877,931.3964,0.0,4.2336,1.0,0.0,1.8277,18.3601
控制核心,200,220.0,19,22,scroll,full,optimal,19:21*100% 20:21*100% 21:23*50%,0.0,50000,743.7514,573.0,743.0,913.0,1083.0,743.7514,0.0,0.0,0.0,1.0,4.0044,0.0,0.0
控制核心,200,220.0,19,22,scroll,full,safe,19:21*100% 20:21*100% 21:22*100%,0.0,50000,765.0,765.0,765.0,765.0,765.0,765.0,0.0,0.0,0.0,1.0,3.0,0.0,0.0
控制核心,200,220.0,19,22,scroll,to_12,none,enhance throughout,0.0,50000,1070.637,341.2196,721.3737,1492.3155,2532.4144,397.6218,673.0152,0.0,3.0592,4.0592,0.0,3.0592,31.6665
控制核心,200,220.0,19,22,scroll,to_12,optimal,19:21*100% 21:23*50%,0.0,50000,727.1246,399.4584,569.4584,906.4861,1290.9445,649.8606,77.264,0.0,0.3512,1.3512,3.3563,0.3512,3.3444
控制核心,200,220.0,19,22,scroll,to_12,safe,19:21*100%,0.0,50000,746.9368,236.0603,679.8504,1133.4909,1601.5452,499.4192,247.5176,0.0,1.1251,2.1251,2.1251,1.1251,10.2495
控制核心,200,220.0,20,22,scroll,full,none,enhance throughout,0.0,50000,1020.7583,227.0603,901.1266,1204.5344,2182.2846,485.5819,535.1764,0.0,2.4326,1.0,0.0,0.9293,8.3551
控制核心,200,220.0,20,22,scroll,full,optimal,20:21*100% 21:23*50%,0.0,50000,734.714,564.0,734.0,904.0,1074.0,734.714,0.0,0.0,0.0,1.0,3.0042,0.0,0.0
控制核心,200,220.0,20,22,scroll,full,safe,20:21*100% 21:22*100%,0.0,50000,756.0,756.0,756.0,756.0,756.0,756.0,0.0,0.0,0.0,1.0,2.0,0.0,0.0
控制核心,200,220.0,20,22,scroll,to_12,none,enhance throughout,0.0,50000,726.437,227.0603,661.8504,1106.2147,1565.2861,479.6454,246.7916,0.0,1.1218,2.1218,0.0,1.1218,10.2645
控制核心,200,220.0,20,22,scroll,to_12,optimal,21:23*50%,0.0,50000,716.0556,390.4584,560.4584,897.4861,1263.9445,637.9908,78.0648,0.0,0.3548,1.3548,2.002,0.3548,3.3658
頂培,150,1.5,15,23,scroll,full,none,enhance throughout,0.0,50000,378.5771,185.6827,325.4378,513.9441,732.1701,366.1341,12.443,0.0,8.2954,1.0,0.0,3.8007,45.7827
頂培,150,1.5,15,23,scroll,to_12,none,enhance throughout,0.0,50000,426.0398,140.273,302.2308,581.3104,951.5037,398.6444,27.3954,0.0,18.2636,19.2636,0.0,18.2636,310.0481
頂培,150,1.5,16,23,scroll,full,none,enhance throughout,0.0,50000,378.0254,184.0243,324.7795,513.7256,730.9672,365.673,12.3524,0.0,8.2349,1.0,0.0,3.7311,42.4083
頂培,150,1.5,16,23,scroll,to_12,none,enhance throughout,0.0,50000,405.1591,133.7194,289.9834,555.2092,900.7379,379.9266,25.2326,0.0,16.8217,17.8217,0.0,16.8217,247.6123
頂培,150,1.5,17,23,scroll,full,none,enhance throughout,0.0,50000,385.2282,190.3761,331.3724,522.7992,743.9822,372.9431,12.2851,0.0,8.19,1.0,0.0,3.6672,39.0921
頂培,150,1.5,17,23,scroll,to_12,none,enhance throughout,0.0,50000,512.7466,167.8205,363.7211,702.1427,1142.9344,489.2635,23.483,0.0,15.6554,16.6554,0.0,15.6554,192.1283
頂培,150,1.5,18,23,scroll,full,none,enhance throughout,0.0,50000,380.0528,184.5488,325.9224,518.6001,734.6532,368.4862,11.5665,0.0,7.711,1.0,0.0,3.2077,32.3838
頂培,150,1.5,18,23,scroll,to_12,none,enhance throughout,0.0,50000,479.9107,158.4077,339.9498,653.3161,1073.299,464.0242,15.8864,0.0,10.591,11.591,0.0,10.591,116.9676
頂培,150,1.5,19,23,scroll,full,none,enhance throughout,0.0,50000,376.9414,187.8309,322.741,510.6597,729.3564,366.3621,10.5793,0.0,7.0529,1.0,0.0,2.5278,24.0434
頂培,150,1.5,19,23,scroll,to_12,none,enhance throughout,0.0,50000,486.6514,167.5534,348.3965,662.608,1068.151,477.7946,8.8568,0.0,5.9045,6.9045,0.0,5.9045,59.6638
頂培,150,1.5,20,23,scroll,full,none,enhance throughout,0.0,50000,462.2403,229.1072,404.2426,585.6953,774.2425,454.4333,7.807,0.0,5.2047,1.0,0.0,1.6215,14.0501
頂培,150,1.5,20,23,scroll,to_12,none,enhance throughout,0.0,50000,800.545,229.2232,661.1337,1106.4286,1763.6139,796.65,3.895,0.0,2.5967,3.5967,0.0,2.5967,23.0519
神秘,200,0.5,15,23,scroll,full,none,enhance throughout,0.0,50000,871.1849,427.4838,748.854,1182.2889,1683.3236,867.0372,4.1477,0.0,8.2954,1.0,0.0,3.8007,45.7827
神秘,200,0.5,15,23,scroll,to_12,none,enhance throughout,0.0,50000,948.7828,315.2467,674.4617,1292.2445,2114.1064,939.651,9.1318,0.0,18.2636,19.2636,0.0,18.2636,310.0481
神秘,200,0.5,16,23,scroll,full,none,enhance throughout,0.0,50000,868.9643,422.6793,746.3361,1180.6141,1680.0432,864.8468,4.1175,0.0,8.2349,1.0,0.0,3.7311,42.4083
神秘,200,0.5,16,23,scroll,to_12,none,enhance throughout,0.0,50000,884.5518,294.1779,633.9869,1209.5944,1962.2525,876.141,8.4109,0.0,16.8217,17.8217,0.0,16.8217,247.6123
神秘,200,0.5,17,23,scroll,full,none,enhance throughout,0.0,50000,874.3727,426.2818,750.9504,1189.943,1698.7533,870.2777,4.095,0.0,8.19,1.0,0.0,3.6672,39.0921
神秘,200,0.5,17,23,scroll,to_12,none,enhance throughout,0.0,50000,948.4503,315.6905,673.1705,1297.98,2106.84,940.6226,7.8277,0.0,15.6554,16.6554,0.0,15.6554,192.1283
神秘,200,0.5,18,23,scroll,full,none,enhance throughout,0.0,50000,854.4524,404.7598,730.5784,1172.7973,1669.3853,850.5969,3.8555,0.0,7.711,1.0,0.0,3.2077,32.3838
神秘,200,0.5,18,23,scroll,to_12,none,enhance throughout,0.0,50000,846.2954,283.193,599.6831,1152.9132,1891.1256,841.0,5.2955,0.0,10.591,11.591,0.0,10.591,116.9676
神秘,200,0.5,19,23,scroll,full,none,enhance throughout,0.0,50000,807.1236,371.3366,681.1189,1113.7263,1616.8539,803.5971,3.5265,0.0,7.0529,1.0,0.0,2.5278,24.0434
神秘,200,0.5,19,23,scroll,to_12,none,enhance throughout,0.0,50000,690.7994,237.3021,495.9595,939.2049,1522.5653,687.8472,2.9523,0.0,5.9045,6.9045,0.0,5.9045,59.6638
神秘,200,0.5,20,23,scroll,full,none,enhance throughout,0.0,50000,782.8899,247.0687,649.9083,1067.3631,1501.7794,780.2876,2.6023,0.0,5.2047,1.0,0.0,1.6215,14.0501
神秘,200,0.5,20,23,scroll,to_12,none,enhance throughout,0.0,50000,825.0304,247.3438,673.0205,1130.4231,1791.0289,823.732,1.2983,0.0,2.5967,3.5967,0.0,2.5967,23.0519
永恆上四,250,0.5,15,23,scroll,full,none,enhance throughout,0.0,50000,1702.8708,835.8889,1462.5053,2309.9953,3285.8775,1698.7231,4.1477,0.0,8.2954,1.0,0.0,3.8007,45.7827
永恆上四,250,0.5,15,23,scroll,to_12,none,enhance throughout,0.0,50000,1849.0279,616.5486,1314.7969,2515.3966,4115.0959,1839.8961,9.1318,0.0,18.2636,19.2636,0.0,18.2636,310.0481
永恆上四,250,0.5,16,23,scroll,full,none,enhance throughout,0.0,50000,1697.8308,826.1393,1456.987,2305.9826,3282.1103,1693.7133,4.1175,0.0,8.2349,1.0,0.0,3.7311,42.4083
永恆上四,250,0.5,16,23,scroll,to_12,none,enhance throughout,0.0,50000,1710.8663,571.8663,1227.0585,2338.0276,3791.4258,1702.4554,8.4109,0.0,16.8217,17.8217,0.0,16.8217,247.6123
永恆上四,250,0.5,17,23,scroll,full,none,enhance throughout,0.0,50000,1700.2109,824.774,1457.9955,2315.2712,3309.1113,1696.1159,4.095,0.0,8.19,1.0,0.0,3.6672,39.0921
永恆上四,250,0.5,17,23,scroll,to_12,none,enhance throughout,0.0,50000,1700.8037,568.1883,1209.4258,2324.7542,3772.4432,1692.976,7.8277,0.0,15.6554,16.6554,0.0,15.6554,192.1283
永恆上四,250,0.5,18,23,scroll,full,none,enhance throughout,0.0,50000,1655.1746,776.8981,1412.7232,2277.4567,3245.8997,1651.3191,3.8555,0.0,7.711,1.0,0.0,3.2077,32.3838
永恆上四,250,0.5,18,23,scroll,to_12,none,enhance throughout,0.0,50000,1476.0838,496.4748,1046.1657,2008.465,3293.2532,1470.7883,5.2955,0.0,10.591,11.591,0.0,10.591,116.9676
永恆上四,250,0.5,19,23,scroll,full,none,enhance throughout,0.0,50000,1533.6659,682.22,1285.721,2130.1825,3114.401,1530.1395,3.5265,0.0,7.0529,1.0,0.0,2.5278,24.0434
永恆上四,250,0.5,19,23,scroll,to_12,none,enhance throughout,0.0,50000,1045.3602,358.816,751.4123,1425.0715,2300.8453,1042.4079,2.9523,0.0,5.9045,6.9045,0.0,5.9045,59.6638
永恆上四,250,0.5,20,23,scroll,full,none,enhance throughout,0.0,50000,1326.8129,282.5103,1069.072,1884.6818,2737.9321,1324.2106,2.6023,0.0,5.2047,1.0,0.0,1.6215,14.0501
永恆上四,250,0.5,20,23,scroll,to_12,none,enhance throughout,0.0,50000,877.9166,282.6663,701.9426,1185.9777,1863.1628,876.6183,1.2983,0.0,2.5967,3.5967,0.0,2.5967,23.0519
永恆下三,250,11.0,15,23,scroll,full,none,enhance throughout,0.0,50000,1789.9721,877.1342,1536.8726,2429.0591,3458.9807,1698.7231,91.249,0.0,8.2954,1.0,0.0,3.8007,45.7827
永恆下三,250,11.0,15,23,scroll,to_12,none,enhance throughout,0.0,50000,2040.7957,671.0251,1446.2004,2785.7493,4561.7113,1839.8961,200.8996,0.0,18.2636,19.2636,0.0,18.2636,310.0481
永恆下三,250,11.0,16,23,scroll,full,none,enhance throughout,0.0,50000,1784.2976,865.6397,1531.7719,2425.6044,3451.6204,1693.7133,90.5843,0.0,8.2349,1.0,0.0,3.7311,42.4083
永恆下三,250,11.0,16,23,scroll,to_12,none,enhance throughout,0.0,50000,1887.4943,622.898,1350.0605,2587.1959,4198.722,1702.4554,185.0389,0.0,16.8217,17.8217,0.0,16.8217,247.6123
永恆下三,250,11.0,17,23,scroll,full,none,enhance throughout,0.0,50000,1786.2063,864.27,1531.9116,2435.2533,3483.0286,1696.1159,90.0904,0.0,8.19,1.0,0.0,3.6672,39.0921
永恆下三,250,11.0,17,23,scroll,to_12,none,enhance throughout,0.0,50000,1865.1849,615.7654,1322.0067,2554.5961,4157.0983,1692.976,172.209,0.0,15.6554,16.6554,0.0,15.6554,192.1283
永恆下三,250,11.0,18,23,scroll,full,none,enhance throughout,0.0,50000,1736.1403,810.426,1479.9121,2389.6535,3411.9047,1651.3191,84.8212,0.0,7.711,1.0,0.0,3.2077,32.3838
永恆下三,250,11.0,18,23,scroll,to_12,none,enhance throughout,0.0,50000,1587.2889,526.8633,1122.4479,2164.6981,3554.1867,1470.7883,116.5006,0.0,10.591,11.591,0.0,10.591,116.9676
永恆下三,250,11.0,19,23,scroll,full,none,enhance throughout,0.0,50000,1607.7214,712.7982,1348.2304,2238.7535,3272.5727,1530.1395,77.5819,0.0,7.0529,1.0,0.0,2.5278,24.0434
永恆下三,250,11.0,19,23,scroll,to_12,none,enhance throughout,0.0,50000,1107.3577,374.4041,793.4443,1512.2925,2452.9645,1042.4079,64.9497,0.0,5.9045,6.9045,0.0,5.9045,59.6638
永恆下三,250,11.0,20,23,scroll,full,none,enhance throughout,0.0,50000,1381.4621,282.5103,1111.072,1968.6818,2863.9321,1324.2106,57.2515,0.0,5.2047,1.0,0.0,1.6215,14.0501
永恆下三,250,11.0,20,23,scroll,to_12,none,enhance throughout,0.0,50000,905.182,282.6663,722.9426,1227.9777,1936.0973,876.6183,28.5637,0.0,2.5967,3.5967,0.0,2.5967,23.0519
口紅,160,14.0,15,23,scroll,full,none,enhance throughout,0.0,50000,560.1242,272.4555,481.3153,763.6186,1089.6239,443.9891,116.135,0.0,8.2954,1.0,0.0,3.8007,45.7827
口紅,160,14.0,15,23,scroll,to_12,none,enhance throughout,0.0,50000,738.6733,232.2707,519.2852,1015.8616,1675.2598,482.9829,255.6904,0.0,18.2636,19.2636,0.0,18.2636,310.0481
口紅,160,14.0,16,23,scroll,full,none,enhance throughout,0.0,50000,558.547,269.1645,479.5143,762.0765,1085.415,443.2578,115.2892,0.0,8.2349,1.0,0.0,3.7311,42.4083
口紅,160,14.0,16,23,scroll,to_12,none,enhance throughout,0.0,50000,692.7864,217.724,490.3738,954.293,1556.6446,457.2823,235.5041,0.0,16.8217,17.8217,0.0,16.8217,247.6123
口紅,160,14.0,17,23,scroll,full,none,enhance throughout,0.0,50000,564.9024,274.1769,485.2206,771.2794,1099.9237,450.2418,114.6606,0.0,8.19,1.0,0.0,3.6672,39.0921
口紅,160,14.0,17,23,scroll,to_12,none,enhance throughout,0.0,50000,778.8017,243.6707,547.5834,1071.4741,1753.0653,559.6267,219.175,0.0,15.6554,16.6554,0.0,15.6554,192.1283
口紅,160,14.0,18,23,scroll,full,none,enhance throughout,0.0,50000,551.39,259.4076,470.1405,759.4404,1080.0944,443.4357,107.9543,0.0,7.711,1.0,0.0,3.2077,32.3838
口紅,160,14.0,18,23,scroll,to_12,none,enhance throughout,0.0,50000,671.0651,213.0868,471.47,917.9968,1514.0705,522.7916,148.2734,0.0,10.591,11.591,0.0,10.591,116.9676
口紅,160,14.0,19,23,scroll,full,none,enhance throughout,0.0,50000,533.0563,253.5886,454.4996,733.9753,1058.4725,434.3157,98.7406,0.0,7.0529,1.0,0.0,2.5278,24.0434
口紅,160,14.0,19,23,scroll,to_12,none,enhance throughout,0.0,50000,593.2034,196.0526,421.0629,811.9958,1316.7716,510.5401,82.6633,0.0,5.9045,6.9045,0.0,5.9045,59.6638
口紅,160,14.0,20,23,scroll,full,none,enhance throughout,0.0,50000,578.0122,231.9073,493.2171,762.0643,1039.5653,505.1467,72.8655,0.0,5.2047,1.0,0.0,1.6215,14.0501
口紅,160,14.0,20,23,scroll,to_12,none,enhance throughout,0.0,50000,837.2257,232.0481,688.2985,1160.7927,1856.4789,800.8719,36.3538,0.0,2.5967,3.5967,0.0,2.5967,23.0519
眼罩,160,30.0,15,23,scroll,full,none,enhance throughout,0.0,50000,692.8499,335.4049,596.6992,946.3594,1351.8172,443.9891,248.8608,0.0,8.2954,1.0,0.0,3.8007,45.7827
眼罩,160,30.0,15,23,scroll,to_12,none,enhance throughout,0.0,50000,1030.8909,311.9926,719.628,1423.5327,2358.6119,482.9829,547.908,0.0,18.2636,19.2636,0.0,18.2636,310.0481
眼罩,160,30.0,16,23,scroll,full,none,enhance throughout,0.0,50000,690.306,330.3475,593.4155,945.3437,1347.6755,443.2578,247.0482,0.0,8.2349,1.0,0.0,3.7311,42.4083
眼罩,160,30.0,16,23,scroll,to_12,none,enhance throughout,0.0,50000,961.9339,289.7168,675.2907,1331.9488,2184.619,457.2823,504.6516,0.0,16.8217,17.8217,0.0,16.8217,247.6123
眼罩,160,30.0,17,23,scroll,full,none,enhance throughout,0.0,50000,695.943,334.0448,597.2008,953.4704,1363.2951,450.2418,245.7012,0.0,8.19,1.0,0.0,3.6672,39.0921
眼罩,160,30.0,17,23,scroll,to_12,none,enhance throughout,0.0,50000,1029.2875,310.4253,719.2385,1423.4028,2333.3729,559.6267,469.6608,0.0,15.6554,16.6554,0.0,15.6554,192.1283
眼罩,160,30.0,18,23,scroll,full,none,enhance throughout,0.0,50000,674.7663,311.2941,572.4064,933.4366,1332.3547,443.4357,231.3306,0.0,7.711,1.0,0.0,3.2077,32.3838
眼罩,160,30.0,18,23,scroll,to_12,none,enhance throughout,0.0,50000,840.5204,256.4309,585.6105,1156.4758,1912.7772,522.7916,317.7288,0.0,10.591,11.591,0.0,10.591,116.9676
眼罩,160,30.0,19,23,scroll,full,none,enhance throughout,0.0,50000,645.9027,300.9964,551.1147,897.2829,1300.2776,434.3157,211.587,0.0,7.0529,1.0,0.0,2.5278,24.0434
眼罩,160,30.0,19,23,scroll,to_12,none,enhance throughout,0.0,50000,687.6757,213.5025,482.818,946.056,1544.4537,510.5401,177.1356,0.0,5.9045,6.9045,0.0,5.9045,59.6638
眼罩,160,30.0,20,23,scroll,full,none,enhance throughout,0.0,50000,661.2871,231.9073,557.2171,890.0643,1231.5293,505.1467,156.1404,0.0,5.2047,1.0,0.0,1.6215,14.0501
眼罩,160,30.0,20,23,scroll,to_12,none,enhance throughout,0.0,50000,878.7729,232.0481,720.2985,1224.7927,1968.4789,800.8719,77.901,0.0,2.5967,3.5967,0.0,2.5967,23.0519
苦痛,160,45.0,15,23,scroll,full,none,enhance throughout,0.0,50000,817.2803,395.1079,704.3919,1118.0103,1597.2218,443.9891,373.2912,0.0,8.2954,1.0,0.0,3.8007,45.7827
苦痛,160,45.0,15,23,scroll,to_12,none,enhance throughout,0.0,50000,1304.8449,387.5684,904.6817,1803.7207,3003.5877,482.9829,821.862,0.0,18.2636,19.2636,0.0,18.2636,310.0481
苦痛,160,45.0,16,23,scroll,full,none,enhance throughout,0.0,50000,813.8301,388.722,699.7899,1116.4787,1594.2483,443.2578,370.5723,0.0,8.2349,1.0,0.0,3.7311,42.4083
苦痛,160,45.0,16,23,scroll,to_12,none,enhance throughout,0.0,50000,1214.2597,358.1429,848.0071,1686.2462,2773.1745,457.2823,756.9774,0.0,16.8217,17.8217,0.0,16.8217,247.6123
苦痛,160,45.0,17,23,scroll,full,none,enhance throughout,0.0,50000,818.7936,391.0331,702.0922,1123.822,1610.2355,450.2418,368.5518,0.0,8.19,1.0,0.0,3.6672,39.0921
苦痛,160,45.0,17,23,scroll,to_12,none,enhance throughout,0.0,50000,1264.1179,372.9344,879.3184,1749.7698,2877.9554,559.6267,704.4912,0.0,15.6554,16.6554,0.0,15.6554,192.1283
苦痛,160,45.0,18,23,scroll,full,none,enhance throughout,0.0,50000,790.4316,361.2464,669.3904,1097.6104,1570.406,443.4357,346.9959,0.0,7.711,1.0,0.0,3.2077,32.3838
苦痛,160,45.0,18,23,scroll,to_12,none,enhance throughout,0.0,50000,999.3848,297.8702,692.7407,1378.3996,2288.7453,522.7916,476.5932,0.0,10.591,11.591,0.0,10.591,116.9676
苦痛,160,45.0,19,23,scroll,full,none,enhance throughout,0.0,50000,751.6962,344.4625,640.7034,1050.0995,1526.6681,434.3157,317.3805,0.0,7.0529,1.0,0.0,2.5278,24.0434
苦痛,160,45.0,19,23,scroll,to_12,none,enhance throughout,0.0,50000,776.2435,228.15,541.3323,1072.6267,1756.9076,510.5401,265.7034,0.0,5.9045,6.9045,0.0,5.9045,59.6638
苦痛,160,45.0,20,23,scroll,full,none,enhance throughout,0.0,50000,739.3573,231.9073,617.2171,1010.0643,1411.5293,505.1467,234.2106,0.0,5.2047,1.0,0.0,1.6215,14.0501
苦痛,160,45.0,20,23,scroll,to_12,none,enhance throughout,0.0,50000,917.7234,232.0481,750.2985,1284.7927,2073.4789,800.8719,116.8515,0.0,2.5967,3.5967,0.0,2.5967,23.0519
巨大,200,35.0,15,23,scroll,full,none,enhance throughout,0.0,50000,1157.3748,562.0892,994.5636,1579.0528,2251.881,867.0372,290.3376,0.0,8.2954,1.0,0.0,3.8007,45.7827
巨大,200,35.0,15,23,scroll,to_12,none,enhance throughout,0.0,50000,1578.877,490.735,1106.1326,2174.2141,3595.7296,939.651,639.226,0.0,18.2636,19.2636,0.0,18.2636,310.0481
巨大,200,35.0,16,23,scroll,full,none,enhance throughout,0.0,50000,1153.0697,554.5384,989.7852,1575.3451,2244.7952,864.8468,288.2229,0.0,8.2349,1.0,0.0,3.7311,42.4083
巨大,200,35.0,16,23,scroll,to_12,none,enhance throughout,0.0,50000,1464.9012,455.1887,1033.9258,2019.9535,3300.0105,876.141,588.7602,0.0,16.8217,17.8217,0.0,16.8217,247.6123
巨大,200,35.0,17,23,scroll,full,none,enhance throughout,0.0,50000,1156.9291,554.8619,992.6437,1584.2161,2265.8155,870.2777,286.6514,0.0,8.19,1.0,0.0,3.6672,39.0921
巨大,200,35.0,17,23,scroll,to_12,none,enhance throughout,0.0,50000,1488.5602,460.5938,1044.7363,2051.6596,3359.6764,940.6226,547.9376,0.0,15.6554,16.6554,0.0,15.6554,192.1283
巨大,200,35.0,18,23,scroll,full,none,enhance throughout,0.0,50000,1120.4826,516.2325,952.041,1551.2516,2215.1288,850.5969,269.8857,0.0,7.711,1.0,0.0,3.2077,32.3838
巨大,200,35.0,18,23,scroll,to_12,none,enhance throughout,0.0,50000,1211.6836,378.1364,849.3837,1659.9198,2746.3883,841.0,370.6836,0.0,10.591,11.591,0.0,10.591,116.9676
巨大,200,35.0,19,23,scroll,full,none,enhance throughout,0.0,50000,1050.4486,472.8778,888.6656,1467.083,2136.8975,803.5971,246.8515,0.0,7.0529,1.0,0.0,2.5278,24.0434
巨大,200,35.0,19,23,scroll,to_12,none,enhance throughout,0.0,50000,894.5054,287.1888,631.6694,1227.9964,2007.4237,687.8472,206.6582,0.0,5.9045,6.9045,0.0,5.9045,59.6638
巨大,200,35.0,20,23,scroll,full,none,enhance throughout,0.0,50000,962.4514,247.0687,787.9083,1343.3631,1915.7175,780.2876,182.1638,0.0,5.2047,1.0,0.0,1.6215,14.0501
巨大,200,35.0,20,23,scroll,to_12,none,enhance throughout,0.0,50000,914.6165,247.3438,742.0205,1268.4231,2032.5289,823.732,90.8845,0.0,2.5967,3.5967,0.0,2.5967,23.0519
控制核心,200,220.0,15,23,scroll,full,none,enhance throughout,0.0,50000,2692.0164,1300.7139,2311.6079,3699.5525,5279.3131,867.0372,1824.9792,0.0,8.2954,1.0,0.0,3.8007,45.7827
控制核心,200,220.0,15,23,scroll,to_12,none,enhance throughout,0.0,50000,4957.643,1403.3085,3411.8799,6886.0759,11513.9895,939.651,4017.992,0.0,18.2636,19.2636,0.0,18.2636,310.0481
控制核心,200,220.0,16,23,scroll,full,none,enhance throughout,0.0,50000,2676.5336,1281.361,2301.0432,3686.7785,5273.4277,864.8468,1811.6868,0.0,8.2349,1.0,0.0,3.7311,42.4083
控制核心,200,220.0,16,23,scroll,to_12,none,enhance throughout,0.0,50000,4576.9194,1298.8708,3167.0361,6386.4306,10573.8111,876.141,3700.7784,0.0,16.8217,17.8217,0.0,16.8217,247.6123
控制核心,200,220.0,17,23,scroll,full,none,enhance throughout,0.0,50000,2672.0865,1272.8551,2291.9466,3681.1109,5293.0718,870.2777,1801.8088,0.0,8.19,1.0,0.0,3.6672,39.0921
控制核心,200,220.0,17,23,scroll,to_12,none,enhance throughout,0.0,50000,4384.8018,1219.9411,3024.0219,6104.3663,10096.7107,940.6226,3444.1792,0.0,15.6554,16.6554,0.0,15.6554,192.1283
控制核心,200,220.0,18,23,scroll,full,none,enhance throughout,0.0,50000,2547.0213,1093.7328,2124.144,3582.4271,5168.1897,850.5969,1696.4244,0.0,7.711,1.0,0.0,3.2077,32.3838
控制核心,200,220.0,18,23,scroll,to_12,none,enhance throughout,0.0,50000,3171.0112,897.0176,2170.5013,4402.0965,7402.3957,841.0,2330.0112,0.0,10.591,11.591,0.0,10.591,116.9676
控制核心,200,220.0,19,23,scroll,full,none,enhance throughout,0.0,50000,2355.2351,928.7077,1997.5884,3334.3088,4926.3509,803.5971,1551.638,0.0,7.0529,1.0,0.0,2.5278,24.0434
控制核心,200,220.0,19,23,scroll,to_12,none,enhance throughout,0.0,50000,1986.8416,487.9547,1357.7919,2790.0904,4626.5289,687.8472,1298.9944,0.0,5.9045,6.9045,0.0,5.9045,59.6638
控制核心,200,220.0,20,23,scroll,full,none,enhance throughout,0.0,50000,1925.3172,247.0687,1527.9083,2823.3631,4135.7175,780.2876,1145.0296,0.0,5.2047,1.0,0.0,1.6215,14.0501
控制核心,200,220.0,20,23,scroll,to_12,none,enhance throughout,0.0,50000,1395.006,247.3438,1112.0205,2008.4231,3327.5289,823.732,571.274,0.0,2.5967,3.5967,0.0,2.5967,23.0519
